cohort_month,cohort_customers,month_offset,active_customers,retention_pct
2023-01-01,3,0,3,100.0
2023-01-01,3,1,1,33.3
2023-01-01,3,3,1,33.3
2023-01-01,3,4,3,100.0
2023-01-01,3,5,1,33.3
2023-01-01,3,6,1,33.3
2023-01-01,3,7,2,66.7
2023-01-01,3,9,2,66.7
2023-01-01,3,10,2,66.7
2023-01-01,3,12,2,66.7
2023-01-01,3,13,1,33.3
2023-01-01,3,14,1,33.3
2023-01-01,3,15,1,33.3
2023-01-01,3,16,3,100.0
2023-01-01,3,17,1,33.3
2023-01-01,3,18,2,66.7
2023-01-01,3,19,1,33.3
2023-01-01,3,20,3,100.0
2023-01-01,3,21,2,66.7
2023-01-01,3,23,3,100.0
2023-02-01,87,0,87,100.0
2023-02-01,87,1,33,37.9
2023-02-01,87,2,43,49.4
2023-02-01,87,3,36,41.4
2023-02-01,87,4,37,42.5
2023-02-01,87,5,37,42.5
2023-02-01,87,6,35,40.2
2023-02-01,87,7,41,47.1
2023-02-01,87,8,43,49.4
2023-02-01,87,9,47,54.0
2023-02-01,87,10,32,36.8
2023-02-01,87,11,36,41.4
2023-02-01,87,12,35,40.2
2023-02-01,87,13,37,42.5
2023-02-01,87,14,40,46.0
2023-02-01,87,15,35,40.2
2023-02-01,87,16,37,42.5
2023-02-01,87,17,43,49.4
2023-02-01,87,18,39,44.8
2023-02-01,87,19,36,41.4
2023-02-01,87,20,46,52.9
2023-02-01,87,21,42,48.3
2023-02-01,87,22,87,100.0
2023-03-01,72,0,72,100.0
2023-03-01,72,1,26,36.1
2023-03-01,72,2,26,36.1
2023-03-01,72,3,24,33.3
2023-03-01,72,4,35,48.6
2023-03-01,72,5,28,38.9
2023-03-01,72,6,31,43.1
2023-03-01,72,7,31,43.1
2023-03-01,72,8,27,37.5
2023-03-01,72,9,39,54.2
2023-03-01,72,10,23,31.9
2023-03-01,72,11,32,44.4
2023-03-01,72,12,25,34.7
2023-03-01,72,13,24,33.3
2023-03-01,72,14,34,47.2
2023-03-01,72,15,26,36.1
2023-03-01,72,16,22,30.6
2023-03-01,72,17,23,31.9
2023-03-01,72,18,25,34.7
2023-03-01,72,19,32,44.4
2023-03-01,72,20,28,38.9
2023-03-01,72,21,54,75.0
2023-04-01,84,0,84,100.0
2023-04-01,84,1,34,40.5
2023-04-01,84,2,39,46.4
2023-04-01,84,3,40,47.6
2023-04-01,84,4,27,32.1
2023-04-01,84,5,28,33.3
2023-04-01,84,6,21,25.0
2023-04-01,84,7,30,35.7
2023-04-01,84,8,32,38.1
2023-04-01,84,9,38,45.2
2023-04-01,84,10,31,36.9
2023-04-01,84,11,35,41.7
2023-04-01,84,12,33,39.3
2023-04-01,84,13,26,31.0
2023-04-01,84,14,31,36.9
2023-04-01,84,15,12,14.3
2023-04-01,84,16,15,17.9
2023-04-01,84,17,9,10.7
2023-04-01,84,18,11,13.1
2023-04-01,84,19,13,15.5
2023-04-01,84,20,27,32.1
2023-05-01,55,0,55,100.0
2023-05-01,55,1,21,38.2
2023-05-01,55,2,20,36.4
2023-05-01,55,3,28,50.9
2023-05-01,55,4,18,32.7
2023-05-01,55,5,17,30.9
2023-05-01,55,6,20,36.4
2023-05-01,55,7,16,29.1
2023-05-01,55,8,20,36.4
2023-05-01,55,9,19,34.5
2023-05-01,55,10,23,41.8
2023-05-01,55,11,19,34.5
2023-05-01,55,12,21,38.2
2023-05-01,55,13,15,27.3
2023-05-01,55,14,3,5.5
2023-05-01,55,15,6,10.9
2023-05-01,55,16,5,9.1
2023-05-01,55,17,8,14.5
2023-05-01,55,18,8,14.5
2023-05-01,55,19,13,23.6
2023-06-01,40,0,40,100.0
2023-06-01,40,1,19,47.5
2023-06-01,40,2,17,42.5
2023-06-01,40,3,11,27.5
2023-06-01,40,4,14,35.0
2023-06-01,40,5,10,25.0
2023-06-01,40,6,15,37.5
2023-06-01,40,7,17,42.5
2023-06-01,40,8,16,40.0
2023-06-01,40,9,16,40.0
2023-06-01,40,10,15,37.5
2023-06-01,40,11,13,32.5
2023-06-01,40,12,15,37.5
2023-06-01,40,13,6,15.0
2023-06-01,40,14,7,17.5
2023-06-01,40,15,6,15.0
2023-06-01,40,16,4,10.0
2023-06-01,40,17,6,15.0
2023-06-01,40,18,12,30.0
2023-07-01,24,0,24,100.0
2023-07-01,24,1,10,41.7
2023-07-01,24,2,8,33.3
2023-07-01,24,3,11,45.8
2023-07-01,24,4,9,37.5
2023-07-01,24,5,6,25.0
2023-07-01,24,6,10,41.7
2023-07-01,24,7,11,45.8
2023-07-01,24,8,9,37.5
2023-07-01,24,9,11,45.8
2023-07-01,24,10,6,25.0
2023-07-01,24,11,7,29.2
2023-07-01,24,12,2,8.3
2023-07-01,24,13,1,4.2
2023-07-01,24,16,2,8.3
2023-07-01,24,17,2,8.3
2023-08-01,15,0,15,100.0
2023-08-01,15,1,6,40.0
2023-08-01,15,2,5,33.3
2023-08-01,15,3,6,40.0
2023-08-01,15,4,10,66.7
2023-08-01,15,5,7,46.7
2023-08-01,15,6,2,13.3
2023-08-01,15,7,8,53.3
2023-08-01,15,8,7,46.7
2023-08-01,15,9,6,40.0
2023-08-01,15,10,2,13.3
2023-08-01,15,11,1,6.7
2023-08-01,15,12,1,6.7
2023-08-01,15,13,2,13.3
2023-08-01,15,14,2,13.3
2023-08-01,15,15,1,6.7
2023-08-01,15,16,2,13.3
2023-09-01,8,0,8,100.0
2023-09-01,8,1,3,37.5
2023-09-01,8,2,4,50.0
2023-09-01,8,3,3,37.5
2023-09-01,8,4,5,62.5
2023-09-01,8,5,2,25.0
2023-09-01,8,6,6,75.0
2023-09-01,8,7,4,50.0
2023-09-01,8,8,4,50.0
2023-09-01,8,9,1,12.5
2023-10-01,8,0,8,100.0
2023-10-01,8,1,1,12.5
2023-10-01,8,2,3,37.5
2023-10-01,8,3,5,62.5
2023-10-01,8,4,3,37.5
2023-10-01,8,5,5,62.5
2023-10-01,8,6,2,25.0
2023-10-01,8,7,5,62.5
2023-10-01,8,8,1,12.5
2023-11-01,3,0,3,100.0
2023-11-01,3,2,3,100.0
2023-11-01,3,3,1,33.3
2023-11-01,3,4,2,66.7
2023-11-01,3,5,2,66.7
2023-11-01,3,6,1,33.3
2023-11-01,3,7,1,33.3
2024-02-01,1,0,1,100.0
2024-02-01,1,1,1,100.0
2024-02-01,1,3,1,100.0
2024-08-01,189,0,189,100.0
2024-08-01,189,1,178,94.2
2024-08-01,189,2,184,97.4
2024-08-01,189,3,11,5.8
2024-09-01,10,0,10,100.0
2024-09-01,10,1,10,100.0
2024-10-01,22,0,22,100.0
2024-10-01,22,1,9,40.9
2024-10-01,22,2,7,31.8
2024-11-01,56,0,56,100.0
2024-11-01,56,1,38,67.9
2024-12-01,113,0,113,100.0
2025-01-01,1,0,1,100.0
